"IP Address","Timeline","Page Accessed","Browser"
"client-108f6080a5d2eee396fcd9d5","31/Oct/2025:10:00:00 +0100","route-41dbe83fa6f24c572daa756b","Other"
"client-108f6080a5d2eee396fcd9d5","31/Oct/2025:10:00:01 +0100","route-6b252d664b56260e8be042ce","Other"
"client-108f6080a5d2eee396fcd9d5","31/Oct/2025:10:00:02 +0100","route-9a7f9abb9e7b57f6490ba44e","Other"
"client-5bffad1b1ac68c3a1437ecdc","31/Oct/2025:10:02:30 +0100","route-1ab8582a352ac3525fdfb12b","Other"
"client-5bffad1b1ac68c3a1437ecdc","31/Oct/2025:10:02:35 +0100","route-29ff5dceed24d2c84be7cb3c","Other"
"client-108f6080a5d2eee396fcd9d5","31/Oct/2025:10:03:00 +0100","route-9b2340d665b80248b0713b69","Other"
"client-108f6080a5d2eee396fcd9d5","31/Oct/2025:10:03:02 +0100","route-d5e5ef0a34d009fd194570b6","Other"
"client-5bffad1b1ac68c3a1437ecdc","31/Oct/2025:10:05:10 +0100","route-423d65873f97d6fab6d8fda0","Other"
"client-108f6080a5d2eee396fcd9d5","31/Oct/2025:10:05:11 +0100","route-0909c8b1c3700ca48b198920","Other"
"client-108f6080a5d2eee396fcd9d5","31/Oct/2025:10:05:15 +0100","route-6aba5ec8e6935cfaa5d83ca6","Other"
"client-a1a430a9e0f2010468da8e2c","01/Nov/2025:12:00:01 +0100","route-f31d13098acfb9b525828213","Other"
"client-a1a430a9e0f2010468da8e2c","01/Nov/2025:12:00:02 +0100","route-9a7f9abb9e7b57f6490ba44e","Other"
"client-ab2aa6cd901c4855a64eee8e","02/Nov/2025:11:10:05 +0100","route-41dbe83fa6f24c572daa756b","Other"
"client-ab2aa6cd901c4855a64eee8e","02/Nov/2025:11:10:06 +0100","route-9a7f9abb9e7b57f6490ba44e","Other"
"client-ab2aa6cd901c4855a64eee8e","02/Nov/2025:11:10:10 +0100","route-464994d1723690a841a7de7c","Other"
"client-ab2aa6cd901c4855a64eee8e","02/Nov/2025:11:10:15 +0100","route-87da859621d9190d59077165","Other"
"client-6d860ebd9207e6d5d6ee4792","03/Nov/2025:16:45:00 +0100","route-0909c8b1c3700ca48b198920","Firefox"
"client-6d860ebd9207e6d5d6ee4792","03/Nov/2025:16:45:04 +0100","route-6aba5ec8e6935cfaa5d83ca6","Firefox"
"client-6d860ebd9207e6d5d6ee4792","03/Nov/2025:16:45:05 +0100","route-9a7f9abb9e7b57f6490ba44e","Firefox"
"client-ab2aa6cd901c4855a64eee8e","04/Nov/2025:18:01:30 +0100","route-bbe64137e0ec3d7f1ba4e68c","Other"
"client-ab2aa6cd901c4855a64eee8e","04/Nov/2025:18:01:40 +0100","route-fe446ae3a8be2accc7b08862","Other"
"client-1e680928344af48ed5d2ced6","05/Nov/2025:13:00:15 +0100","route-e301d580a0c5630acce801bc","Other"
"client-1e680928344af48ed5d2ced6","05/Nov/2025:13:00:20 +0100","route-562c62ec989f19bf2abce4a9","Other"
"client-6acd26b67b91c394a8f4f9b7","06/Nov/2025:09:30:00 +0100","route-41dbe83fa6f24c572daa756b","Firefox"
"client-6acd26b67b91c394a8f4f9b7","06/Nov/2025:09:30:05 +0100","route-3268d9fdb56af36e1e94eb34","Firefox"
"client-6acd26b67b91c394a8f4f9b7","06/Nov/2025:09:30:15 +0100","route-e5d6b8160c4c6e707b2d3cc6","Firefox"
"client-a1a430a9e0f2010468da8e2c","07/Nov/2025:17:10:10 +0100","route-32b393ac4985f49eb952dacc","Other"
"client-a1a430a9e0f2010468da8e2c","07/Nov/2025:17:10:20 +0100","route-4d923c78ca89aaaee12d9894","Other"
"client-ab2aa6cd901c4855a64eee8e","08/Nov/2025:10:05:00 +0100","route-9b2340d665b80248b0713b69","Other"
"client-ab2aa6cd901c4855a64eee8e","08/Nov/2025:10:05:05 +0100","route-d5e5ef0a34d009fd194570b6","Other"
"client-6d860ebd9207e6d5d6ee4792","09/Nov/2025:20:15:30 +0100","route-44107433608af591b218e6d2","Firefox"
"client-6d860ebd9207e6d5d6ee4792","09/Nov/2025:20:15:40 +0100","route-71334cdd787faef1b94e3cd5","Firefox"
"client-1e680928344af48ed5d2ced6","10/Nov/2025:09:00:01 +0100","route-6b252d664b56260e8be042ce","Other"
"client-1e680928344af48ed5d2ced6","10/Nov/2025:09:00:05 +0100","route-f31d13098acfb9b525828213","Other"
"client-1e680928344af48ed5d2ced6","10/Nov/2025:09:00:06 +0100","route-9a7f9abb9e7b57f6490ba44e","Other"
